{"options":{},"indexes":[{"v":1,"key":{"_id":1},"name":"_id_","ns":"heroku_z1mhml17._HerokuAccessToken"},{"v":1,"key":{"herokuAppId":1},"name":"herokuAppId_1","ns":"heroku_z1mhml17._HerokuAccessToken","background":true},{"v":1,"unique":true,"key":{"parseAppId":1,"userId":1,"herokuAppId":1},"name":"parseAppId_1_userId_1_herokuAppId_1","ns":"heroku_z1mhml17._HerokuAccessToken","background":true},{"v":1,"key":{"userId":1},"name":"userId_1","ns":"heroku_z1mhml17._HerokuAccessToken","background":true}]}