{"options":{},"indexes":[{"v":1,"key":{"_id":1},"name":"_id_","ns":"heroku_z1mhml17._HerokuRefreshToken"},{"v":1,"key":{"parseAppId":1},"name":"parseAppId_1","ns":"heroku_z1mhml17._HerokuRefreshToken","background":true},{"v":1,"key":{"parseAppId":1,"herokuAppId":1},"name":"parseAppId_1_herokuAppId_1","ns":"heroku_z1mhml17._HerokuRefreshToken","background":true},{"v":1,"key":{"parseAppId":1,"userId":1},"name":"parseAppId_1_userId_1","ns":"heroku_z1mhml17._HerokuRefreshToken","background":true},{"v":1,"unique":true,"key":{"refreshTokenId":1},"name":"refreshTokenId_1","ns":"heroku_z1mhml17._HerokuRefreshToken","background":true},{"v":1,"unique":true,"key":{"refreshToken":1},"name":"refreshToken_1","ns":"heroku_z1mhml17._HerokuRefreshToken","background":true},{"v":1,"key":{"userId":1},"name":"userId_1","ns":"heroku_z1mhml17._HerokuRefreshToken","background":true}]}