{"options":{},"indexes":[{"v":1,"key":{"_id":1},"name":"_id_","ns":"heroku_z1mhml17._Installation"},{"v":1,"key":{"_created_at":-1},"name":"_created_at_-1","ns":"heroku_z1mhml17._Installation","background":true},{"v":1,"key":{"_created_at":-1,"timeZone":1},"name":"_created_at_-1_timeZone_1","ns":"heroku_z1mhml17._Installation","background":true},{"v":1,"key":{"_created_at":1},"name":"_created_at_1","ns":"heroku_z1mhml17._Installation","background":true},{"v":1,"key":{"_updated_at":1},"name":"_updated_at_1","ns":"heroku_z1mhml17._Installation","background":true},{"v":1,"key":{"channels":1,"_created_at":1},"name":"channels_1__created_at_1","ns":"heroku_z1mhml17._Installation","background":true},{"v":1,"key":{"deviceToken":1},"name":"deviceToken_1","ns":"heroku_z1mhml17._Installation","background":true},{"v":1,"key":{"deviceType":1},"name":"deviceType_1","ns":"heroku_z1mhml17._Installation","background":true},{"v":1,"unique":true,"key":{"installationId":1},"name":"installationId_1","ns":"heroku_z1mhml17._Installation","background":true,"sparse":true},{"v":1,"unique":true,"key":{"installationId":1,"deviceToken":1},"name":"installationId_1_deviceToken_1","ns":"heroku_z1mhml17._Installation","background":true},{"v":1,"key":{"localeIdentifier":1,"_created_at":1},"name":"localeIdentifier_1__created_at_1","ns":"heroku_z1mhml17._Installation","background":true},{"v":1,"key":{"timeZone":1,"_created_at":1},"name":"timeZone_1__created_at_1","ns":"heroku_z1mhml17._Installation","background":true}]}