{"options":{},"indexes":[{"v":1,"key":{"_id":1},"name":"_id_","ns":"heroku_z1mhml17._Session"},{"v":1,"key":{"_created_at":-1},"name":"_created_at_-1","ns":"heroku_z1mhml17._Session","background":true},{"v":1,"key":{"_p_user":1,"installationId":1},"name":"_p_user_1_installationId_1","ns":"heroku_z1mhml17._Session"},{"v":1,"unique":true,"key":{"_session_token":1},"name":"_session_token_1","ns":"heroku_z1mhml17._Session"},{"v":1,"key":{"expiresAt":1},"name":"expiresAt_1","ns":"heroku_z1mhml17._Session","sparse":true,"expireAfterSeconds":1}]}