{"options":{},"indexes":[{"v":1,"key":{"_id":1},"name":"_id_","ns":"heroku_z1mhml17._User"},{"v":1,"key":{"_auth_data_facebook.id":1},"name":"_auth_data_facebook.id_1","ns":"heroku_z1mhml17._User","background":true},{"v":1,"key":{"_created_at":-1},"name":"_created_at_-1","ns":"heroku_z1mhml17._User","background":true},{"v":1,"key":{"_session_token":1},"name":"_session_token_1","ns":"heroku_z1mhml17._User"},{"v":1,"key":{"_updated_at":-1},"name":"_updated_at_-1","ns":"heroku_z1mhml17._User","background":true},{"v":1,"key":{"email":1},"name":"email_1","ns":"heroku_z1mhml17._User","background":true},{"v":1,"key":{"email":1,"_created_at":-1},"name":"email_1__created_at_-1","ns":"heroku_z1mhml17._User","background":true},{"v":1,"key":{"email":1,"_updated_at":-1},"name":"email_1__updated_at_-1","ns":"heroku_z1mhml17._User","background":true},{"v":1,"key":{"username":1},"name":"username_1","ns":"heroku_z1mhml17._User","background":true},{"v":1,"key":{"username":1,"_created_at":-1},"name":"username_1__created_at_-1","ns":"heroku_z1mhml17._User","background":true}]}