{"options":{},"indexes":[{"v":1,"key":{"_id":1},"name":"_id_","ns":"heroku_z1mhml17.Favorite"},{"v":1,"key":{"_created_at":-1},"name":"_created_at_-1","ns":"heroku_z1mhml17.Favorite","background":true},{"v":1,"key":{"_p_createdBy":1,"_created_at":1},"name":"_p_createdBy_1__created_at_1","ns":"heroku_z1mhml17.Favorite","background":true},{"v":1,"key":{"_p_eventId":1,"_p_createdBy":1},"name":"_p_eventId_1__p_createdBy_1","ns":"heroku_z1mhml17.Favorite","background":true},{"v":1,"key":{"_p_user":1},"name":"_p_user_1","ns":"heroku_z1mhml17.Favorite","background":true},{"v":1,"key":{"_updated_at":-1},"name":"_updated_at_-1","ns":"heroku_z1mhml17.Favorite","background":true}]}