{"options":{},"indexes":[{"v":1,"key":{"_id":1},"name":"_id_","ns":"heroku_z1mhml17._Join:users:_Role"},{"v":1,"unique":true,"key":{"owningId":1,"relatedId":1},"name":"owningId_1_relatedId_1","ns":"heroku_z1mhml17._Join:users:_Role","background":true},{"v":1,"unique":true,"key":{"owningId":1,"relatedId":-1},"name":"owningId_1_relatedId_-1","ns":"heroku_z1mhml17._Join:users:_Role","background":true},{"v":1,"key":{"relatedId":1},"name":"relatedId_1","ns":"heroku_z1mhml17._Join:users:_Role","background":true}]}