{"options":{},"indexes":[{"v":1,"key":{"_id":1},"name":"_id_","ns":"heroku_z1mhml17._PushStatus"},{"v":1,"key":{"_created_at":1},"name":"_created_at_1","ns":"heroku_z1mhml17._PushStatus","background":true,"expireAfterSeconds":2592000},{"v":1,"key":{"pushHash":1},"name":"pushHash_1","ns":"heroku_z1mhml17._PushStatus","background":true},{"v":1,"key":{"experiment.experiment_id":1,"_created_at":-1},"name":"experiment.experiment_id_1__created_at_-1","ns":"heroku_z1mhml17._PushStatus","background":true,"sparse":true},{"v":1,"key":{"source":1,"_created_at":-1},"name":"source_1__created_at_-1","ns":"heroku_z1mhml17._PushStatus","background":true}]}