{"options":{},"indexes":[{"v":1,"key":{"_id":1},"name":"_id_","ns":"heroku_z1mhml17.Event"},{"v":1,"key":{"_created_at":-1,"eventStartDate":1},"name":"_created_at_-1_eventStartDate_1","ns":"heroku_z1mhml17.Event","background":true},{"v":1,"key":{"artistAlleyBoothPrice":1,"_created_at":-1},"name":"artistAlleyBoothPrice_1__created_at_-1","ns":"heroku_z1mhml17.Event","background":true},{"v":1,"key":{"eventAttendancePriorYear":1},"name":"eventAttendancePriorYear_1","ns":"heroku_z1mhml17.Event","background":true},{"v":1,"key":{"eventEndDate":1},"name":"eventEndDate_1","ns":"heroku_z1mhml17.Event","background":true},{"v":1,"key":{"eventEndDate":1,"eventName":1},"name":"eventEndDate_1_eventName_1","ns":"heroku_z1mhml17.Event","background":true},{"v":1,"key":{"eventLatLong":"2d"},"name":"eventLatLong_2d","ns":"heroku_z1mhml17.Event","background":true,"bits":26},{"v":1,"key":{"eventLatLong":"2d","eventStartDate":1},"name":"eventLatLong_2d_eventStartDate_1","ns":"heroku_z1mhml17.Event","background":true,"bits":26},{"v":1,"key":{"eventLatLong":"2d","featuredEvent":-1},"name":"eventLatLong_2d_featuredEvent_-1","ns":"heroku_z1mhml17.Event","background":true,"bits":26},{"v":1,"key":{"eventName":1,"_created_at":-1},"name":"eventName_1__created_at_-1","ns":"heroku_z1mhml17.Event","background":true},{"v":1,"key":{"eventStartDate":-1,"eventEndDate":1},"name":"eventStartDate_-1_eventEndDate_1","ns":"heroku_z1mhml17.Event","background":true},{"v":1,"key":{"eventStartDate":1,"eventEndDate":1},"name":"eventStartDate_1_eventEndDate_1","ns":"heroku_z1mhml17.Event","background":true},{"v":1,"key":{"exhibitorBoothPrice":1,"_created_at":-1,"eventStartDate":1},"name":"exhibitorBoothPrice_1__created_at_-1_eventStartDate_1","ns":"heroku_z1mhml17.Event","background":true},{"v":1,"key":{"featuredEvent":-1,"eventStartDate":1,"eventEndDate":1},"name":"featuredEvent_-1_eventStartDate_1_eventEndDate_1","ns":"heroku_z1mhml17.Event","background":true}]}